"SNP_NUM","SNP_NAME","GENE"
"SNP_148","X16_89984370","MICR"
"SNP_149","X16_89984604","MICR"
"SNP_150","X16_89984739","MICR"
"SNP_151","X16_89985177","MICR"
"SNP_152","X16_89985222","MICR"
"SNP_153","X16_89985311","MICR"
"SNP_154","X16_89985441","MICR"
"SNP_155","X16_89985940","MICR"
"SNP_156","X16_89986154","MICR"
"SNP_157","X16_89986608","MICR"
"SNP_158","X16_89986760","MICR"
"SNP_159","X16_89987201","MICR"
"SNP_160","X2_61167761_6","PUS10"
"SNP_161","X2_61168000_12","PUS10"
"SNP_162","X2_61170173_68","PUS10"
"SNP_163","X2_61170606_73","PUS10"
"SNP_164","X2_61170621_74","PUS10"
"SNP_165","X2_61170897_82","PUS10"
"SNP_166","X2_61170911_84","PUS10"
"SNP_167","X2_61170913_85","PUS10"
"SNP_168","X2_61171045_86","PUS10"
"SNP_169","X2_61171262_94","PUS10"
"SNP_170","X2_61171877_109","PUS10"
"SNP_171","X2_61173941_151","PUS10"
"SNP_172","X2_61173978_154","PUS10"
"SNP_173","X2_61174759_177","PUS10"
"SNP_174","X2_61174833_180","PUS10"
"SNP_175","X2_61175312_197","PUS10"
"SNP_176","X2_61176073_216","PUS10"
"SNP_177","X2_61178171_261","PUS10"
"SNP_178","X2_61178509_268","PUS10"
"SNP_179","X2_61178925_283","PUS10"
"SNP_180","X2_61179160_290","PUS10"
"SNP_181","X2_61180288_314","PUS10"
"SNP_182","X2_61183228_377","PUS10"
"SNP_183","X2_61183525_382","PUS10"
"SNP_184","X2_61183657_386","PUS10"
"SNP_185","X2_61183836_391","PUS10"
"SNP_186","X2_61183882_396","PUS10"
"SNP_187","X2_61183901_399","PUS10"
"SNP_188","X2_61184651_420","PUS10"
"SNP_189","X2_61186829_487","PUS10"
"SNP_190","X2_61187284_494","PUS10"
"SNP_191","X2_61187415_497","PUS10"
"SNP_192","X2_61189469_541","PUS10"
"SNP_193","X2_61189740_551","PUS10"
"SNP_194","X2_61189741_552","PUS10"
"SNP_195","X2_61191975_609","PUS10"
"SNP_196","X2_61191995_610","PUS10"
"SNP_197","X2_61193460_646","PUS10"
"SNP_198","X2_61195812_693","PUS10"
"SNP_199","X2_61197395_721","PUS10"
"SNP_200","X2_61197790_730","PUS10"
"SNP_201","X2_61197795_732","PUS10"
"SNP_202","X2_61198324_746","PUS10"
"SNP_203","X2_61198953_761","PUS10"
"SNP_204","X2_61199327_776","PUS10"
"SNP_205","X2_61201618_836","PUS10"
"SNP_206","X2_61202169_851","PUS10"
"SNP_207","X2_61202549_867","PUS10"
"SNP_208","X2_61204641_915","PUS10"
"SNP_209","X2_61204688_916","PUS10"
"SNP_210","X2_61204856_919","PUS10"
"SNP_211","X2_61204917_920","PUS10"
"SNP_212","X2_61206529_947","PUS10"
"SNP_213","X2_61209875_1028","PUS10"
"SNP_214","X2_61210028_1034","PUS10"
"SNP_215","X2_61210534_1041","PUS10"
"SNP_216","X2_61211980_1074","PUS10"
"SNP_217","X2_61212547_1084","PUS10"
"SNP_218","X2_61213261_1098","PUS10"
"SNP_219","X2_61213279_1100","PUS10"
"SNP_220","X2_61213288_1101","PUS10"
"SNP_221","X2_61214790_1137","PUS10"
"SNP_222","X2_61214980_1140","PUS10"
"SNP_223","X2_61215807_1167","PUS10"
"SNP_224","X2_61215937_1173","PUS10"
"SNP_225","X2_61216165_1177","PUS10"
"SNP_226","X2_61216519_1193","PUS10"
"SNP_227","X2_61217006_1208","PUS10"
"SNP_228","X2_61217542_1223","PUS10"
"SNP_229","X2_61218280_1250","PUS10"
"SNP_230","X2_61218495_1252","PUS10"
"SNP_231","X2_61220015_1293","PUS10"
"SNP_232","X2_61220340_1304","PUS10"
"SNP_233","X2_61221203_1322","PUS10"
"SNP_234","X2_61221519_1332","PUS10"
"SNP_235","X2_61222143_1345","PUS10"
"SNP_236","X2_61223290_1377","PUS10"
"SNP_237","X2_61223666_1383","PUS10"
"SNP_238","X2_61224259_1399","PUS10"
"SNP_239","X2_61224744_1417","PUS10"
"SNP_240","X2_61225330_1429","PUS10"
"SNP_241","X2_61225824_1447","PUS10"
"SNP_242","X2_61226114_1455","PUS10"
"SNP_243","X2_61228294_1496","PUS10"
"SNP_244","X2_61228427_1501","PUS10"
"SNP_245","X2_61228505_1504","PUS10"
"SNP_246","X2_61230423_1552","PUS10"
"SNP_247","X2_61230647_1557","PUS10"
"SNP_248","X2_61230988_1567","PUS10"
"SNP_249","X2_61231014_1569","PUS10"
"SNP_250","X2_61232521_1602","PUS10"
"SNP_251","X2_61232705_1607","PUS10"
"SNP_252","X2_61233022_1611","PUS10"
"SNP_253","X2_61233289_1616","PUS10"
"SNP_254","X2_61234360_1643","PUS10"
"SNP_255","X2_61234361_1644","PUS10"
"SNP_256","X2_61234362_1645","PUS10"
"SNP_257","X2_61234363_1646","PUS10"
"SNP_258","X2_61234364_1647","PUS10"
"SNP_259","X2_61234756_1656","PUS10"
"SNP_260","X2_61234988_1662","PUS10"
"SNP_261","X2_61235855_1690","PUS10"
"SNP_262","X2_61237739_1741","PUS10"
"SNP_263","X2_61238921_1761","PUS10"
"SNP_264","X2_61239332_1773","PUS10"
"SNP_265","X2_61239513_1779","PUS10"
"SNP_266","X2_61240207_1789","PUS10"
"SNP_267","X2_61240400_1794","PUS10"
"SNP_268","X2_61240536_1797","PUS10"
"SNP_269","X2_61240882_1806","PUS10"
"SNP_270","X2_61241086_1811","PUS10"
"SNP_271","X2_61241567_1822","PUS10"
"SNP_272","X2_61241582_1824","PUS10"
"SNP_273","X2_61242410_1846","PUS10"
"SNP_274","X2_61242534_1850","PUS10"
"SNP_275","X2_61242781_1857","PUS10"
"SNP_276","X2_61244410_1899","PUS10"
"SNP_277","X2_61244663_1914","PUS10"
"SNP_1","X3_69024687_9","EOGT"
"SNP_2","X3_69024742_12","EOGT"
"SNP_3","X3_69025458_21","EOGT"
"SNP_4","X3_69025629_25","EOGT"
"SNP_5","X3_69025941_33","EOGT"
"SNP_6","X3_69026314_47","EOGT"
"SNP_7","X3_69026475_55","EOGT"
"SNP_8","X3_69026586_60","EOGT"
"SNP_9","X3_69027832_93","EOGT"
"SNP_10","X3_69027835_94","EOGT"
"SNP_11","X3_69028094_112","EOGT"
"SNP_12","X3_69028191_114","EOGT"
"SNP_13","X3_69028275_117","EOGT"
"SNP_14","X3_69029098_149","EOGT"
"SNP_15","X3_69029248_151","EOGT"
"SNP_16","X3_69029369_156","EOGT"
"SNP_17","X3_69029682_169","EOGT"
"SNP_18","X3_69029832_175","EOGT"
"SNP_19","X3_69030008_186","EOGT"
"SNP_20","X3_69030301_197","EOGT"
"SNP_21","X3_69030501_204","EOGT"
"SNP_22","X3_69030523_206","EOGT"
"SNP_23","X3_69030987_221","EOGT"
"SNP_24","X3_69030999_222","EOGT"
"SNP_25","X3_69031105_227","EOGT"
"SNP_26","X3_69031106_228","EOGT"
"SNP_27","X3_69031359_236","EOGT"
"SNP_28","X3_69031500_243","EOGT"
"SNP_29","X3_69031685_250","EOGT"
"SNP_30","X3_69031786_253","EOGT"
"SNP_31","X3_69031963_254","EOGT"
"SNP_32","X3_69032407_265","EOGT"
"SNP_33","X3_69032484_268","EOGT"
"SNP_34","X3_69032873_283","EOGT"
"SNP_35","X3_69033283_296","EOGT"
"SNP_36","X3_69033356_299","EOGT"
"SNP_37","X3_69033649_311","EOGT"
"SNP_38","X3_69034017_322","EOGT"
"SNP_39","X3_69034315_332","EOGT"
"SNP_40","X3_69034385_339","EOGT"
"SNP_41","X3_69034508_343","EOGT"
"SNP_42","X3_69034537_347","EOGT"
"SNP_43","X3_69034699_351","EOGT"
"SNP_44","X3_69035018_361","EOGT"
"SNP_45","X3_69035256_370","EOGT"
"SNP_46","X3_69035279_371","EOGT"
"SNP_47","X3_69035324_374","EOGT"
"SNP_48","X3_69035350_377","EOGT"
"SNP_49","X3_69035447_379","EOGT"
"SNP_50","X3_69035603_382","EOGT"
"SNP_51","X3_69035612_383","EOGT"
"SNP_52","X3_69035694_388","EOGT"
"SNP_53","X3_69035926_391","EOGT"
"SNP_54","X3_69036108_400","EOGT"
"SNP_55","X3_69036524_409","EOGT"
"SNP_56","X3_69036678_413","EOGT"
"SNP_57","X3_69036683_414","EOGT"
"SNP_58","X3_69036707_415","EOGT"
"SNP_59","X3_69036782_417","EOGT"
"SNP_60","X3_69036991_426","EOGT"
"SNP_61","X3_69036994_427","EOGT"
"SNP_62","X3_69037057_430","EOGT"
"SNP_63","X3_69037201_436","EOGT"
"SNP_64","X3_69037262_437","EOGT"
"SNP_65","X3_69037633_446","EOGT"
"SNP_66","X3_69038088_455","EOGT"
"SNP_67","X3_69038217_463","EOGT"
"SNP_68","X3_69038584_475","EOGT"
"SNP_69","X3_69038615_477","EOGT"
"SNP_70","X3_69038756_481","EOGT"
"SNP_71","X3_69038776_482","EOGT"
"SNP_72","X3_69038777_483","EOGT"
"SNP_73","X3_69038792_484","EOGT"
"SNP_74","X3_69038899_487","EOGT"
"SNP_75","X3_69039050_488","EOGT"
"SNP_76","X3_69039142_491","EOGT"
"SNP_77","X3_69039455_500","EOGT"
"SNP_78","X3_69039499_502","EOGT"
"SNP_79","X3_69039781_511","EOGT"
"SNP_80","X3_69040052_519","EOGT"
"SNP_81","X3_69040369_526","EOGT"
"SNP_82","X3_69040409_531","EOGT"
"SNP_83","X3_69040601_537","EOGT"
"SNP_84","X3_69040791_546","EOGT"
"SNP_85","X3_69041006_552","EOGT"
"SNP_86","X3_69041033_555","EOGT"
"SNP_87","X3_69041041_558","EOGT"
"SNP_88","X3_69041187_567","EOGT"
"SNP_89","X3_69041275_570","EOGT"
"SNP_90","X3_69041322_573","EOGT"
"SNP_91","X3_69041434_578","EOGT"
"SNP_92","X3_69041488_585","EOGT"
"SNP_93","X3_69041535_587","EOGT"
"SNP_94","X3_69041622_590","EOGT"
"SNP_95","X3_69041932_605","EOGT"
"SNP_96","X3_69041940_606","EOGT"
"SNP_97","X3_69042155_614","EOGT"
"SNP_98","X3_69042174_615","EOGT"
"SNP_99","X3_69042266_619","EOGT"
"SNP_100","X3_69042624_628","EOGT"
"SNP_101","X3_69043008_640","EOGT"
"SNP_102","X3_69043012_641","EOGT"
"SNP_103","X3_69043647_668","EOGT"
"SNP_104","X3_69043711_669","EOGT"
"SNP_105","X3_69044129_685","EOGT"
"SNP_106","X3_69044488_696","EOGT"
"SNP_107","X3_69044784_711","EOGT"
"SNP_108","X3_69045948_749","EOGT"
"SNP_109","X3_69047141_784","EOGT"
"SNP_110","X3_69047612_800","EOGT"
"SNP_111","X3_69047627_801","EOGT"
"SNP_112","X3_69047656_803","EOGT"
"SNP_113","X3_69047793_806","EOGT"
"SNP_114","X3_69048006_813","EOGT"
"SNP_115","X3_69048021_814","EOGT"
"SNP_116","X3_69048748_834","EOGT"
"SNP_117","X3_69048900_839","EOGT"
"SNP_118","X3_69049115_847","EOGT"
"SNP_119","X3_69049771_865","EOGT"
"SNP_120","X3_69050131_875","EOGT"
"SNP_121","X3_69051080_910","EOGT"
"SNP_122","X3_69051243_918","EOGT"
"SNP_123","X3_69051812_935","EOGT"
"SNP_124","X3_69052787_976","EOGT"
"SNP_125","X3_69053146_983","EOGT"
"SNP_126","X3_69053447_990","EOGT"
"SNP_127","X3_69054212_1021","EOGT"
"SNP_128","X3_69054266_1023","EOGT"
"SNP_129","X3_69054341_1026","EOGT"
"SNP_130","X3_69054611_1032","EOGT"
"SNP_131","X3_69055290_1051","EOGT"
"SNP_132","X3_69055411_1054","EOGT"
"SNP_133","X3_69055632_1070","EOGT"
"SNP_134","X3_69055906_1074","EOGT"
"SNP_135","X3_69055914_1075","EOGT"
"SNP_136","X3_69056036_1083","EOGT"
"SNP_137","X3_69056604_1110","EOGT"
"SNP_138","X3_69058783_1192","EOGT"
"SNP_139","X3_69059023_1199","EOGT"
"SNP_140","X3_69059084_1201","EOGT"
"SNP_141","X3_69059090_1203","EOGT"
"SNP_142","X3_69059316_1209","EOGT"
"SNP_143","X3_69060746_1248","EOGT"
"SNP_144","X3_69060766_1249","EOGT"
"SNP_145","X3_69060854_1251","EOGT"
"SNP_146","X3_69062026_1283","EOGT"
"SNP_147","X3_69062044_1285","EOGT"
